time,latitude,longitude,z,centroid
0,86.25,-59.75,5177.0,-1
0,86.25,-59.00,5176.9,-1
0,86.25,-58.25,5176.9,-1
0,86.25,-57.50,5176.9,-1
0,86.25,-56.25,5176.8,-1
0,86.25,-55.00,5176.8,-1
0,86.25,-54.25,5176.7,-1
0,86.25,-53.25,5176.6,-1
0,86.25,-49.25,5176.3,-1
0,86.25,-48.50,5176.2,-1
0,86.25,-47.75,5176.1,-1
0,86.25,-47.00,5176.1,-1
0,86.25,-45.50,5176.1,-1
0,86.25,-44.75,5176.1,-1
0,86.25,-43.75,5176.2,-1
0,85.50,-82.50,5170.6,-1
0,85.50,-81.25,5170.6,-1
0,83.75,155.50,5383.6,-1
0,83.75,156.50,5383.5,-1
0,83.50,153.00,5383.6,-1
0,83.50,153.75,5383.6,-1
0,83.25,149.50,5384.0,-1
0,60.75,-70.25,5535.4,-1
0,60.25,-23.25,5290.6,-1
0,52.50,-137.25,5600.9,-1
0,51.75,35.25,5674.1,-1
0,50.50,142.75,5609.5,-1
0,49.50,113.50,5565.1,-1
0,46.75,33.25,5721.1,-1
0,45.50,33.00,5720.1,-1
0,45.00,30.50,5718.4,-1
0,44.75,172.25,5692.6,-1
0,43.50,-177.25,5639.8,-1
0,42.50,20.50,5724.7,-1
0,41.75,13.50,5667.8,-1
0,34.50,-17.25,5841.3,-1
0,31.25,136.50,5839.0,-1
0,30.75,-122.50,5844.4,-1
0,28.50,-139.75,5780.1,-1
0,27.75,137.75,5854.4,-1
0,26.25,-107.75,5899.3,-1
1,86.50,-48.75,5171.4,-1
1,86.50,-47.75,5171.3,-1
1,86.50,-47.00,5171.2,-1
1,86.50,-46.00,5171.2,-1
1,86.50,-45.25,5171.2,-1
1,86.50,-43.00,5171.2,-1
1,86.50,-41.50,5171.3,-1
1,86.00,-65.00,5173.1,-1
1,85.75,-69.25,5173.3,-1
1,85.75,-68.50,5173.2,-1
1,85.75,-67.50,5173.2,-1
1,85.75,-66.50,5173.1,-1
1,85.50,-71.50,5173.4,-1
1,85.50,-70.50,5173.3,-1
1,67.75,89.00,5546.5,-1
1,62.00,178.50,5706.8,-1
1,60.25,-20.50,5284.4,-1
1,60.00,-69.50,5525.2,-1
1,51.75,-133.75,5601.7,-1
1,51.75,143.75,5610.0,-1
1,51.50,32.50,5668.5,-1
1,50.00,117.00,5573.9,-1
1,49.00,-89.75,5683.8,-1
1,44.50,-178.25,5636.0,-1
1,40.75,13.25,5670.7,-1
1,34.75,-17.00,5817.0,-1
1,33.25,-124.50,5847.1,-1
1,29.75,76.75,5859.2,-1
1,29.50,-139.00,5777.1,-1
2,86.75,-41.50,5177.9,-1
2,86.75,-40.50,5177.9,-1
2,86.75,-39.50,5177.8,-1
2,86.50,-37.75,5177.8,-1
2,86.50,-36.50,5177.8,-1
2,86.50,-35.50,5177.8,-1
2,86.50,-34.00,5177.7,-1
2,86.50,-33.00,5177.7,-1
2,86.50,-32.00,5177.8,-1
2,86.50,-30.50,5177.9,-1
2,86.25,-23.00,5178.6,-1
2,86.25,-22.25,5178.6,-1
2,85.75,-13.75,5179.8,-1
2,85.75,-13.00,5179.8,-1
2,70.00,-147.50,5453.3,-1
2,67.50,88.50,5554.5,-1
2,61.00,-18.75,5291.5,-1
2,58.75,-68.00,5534.8,-1
2,52.50,142.50,5608.3,-1
2,52.25,-129.50,5607.2,-1
2,51.75,31.50,5684.2,-1
2,51.50,30.50,5684.3,-1
2,50.25,118.25,5579.7,-1
2,49.25,-90.25,5676.7,-1
2,45.25,-179.75,5630.4,-1
2,40.00,179.00,5666.6,-1
2,39.75,13.75,5686.2,-1
2,35.25,-16.50,5822.1,-1
2,34.75,-126.00,5832.6,-1
2,33.25,-124.50,5830.9,-1
2,30.00,-138.25,5762.1,-1
2,30.00,135.75,5856.1,-1
2,26.75,135.00,5862.0,-1
2,26.25,79.50,5835.4,-1
3,89.75,-101.75,5211.1,-1
3,89.75,-100.25,5211.0,-1
3,89.75,-99.00,5210.8,-1
3,89.75,72.50,5210.8,-1
3,89.75,74.00,5211.0,-1
3,86.50,-10.50,5176.4,-1
3,86.25,-4.50,5175.8,-1
3,86.25,-3.75,5175.8,-1
3,86.00,-2.00,5175.7,-1
3,86.00,0.75,5175.7,-1
3,86.00,1.75,5175.7,-1
3,85.75,3.25,5175.8,-1
3,66.75,88.25,5550.0,-1
3,62.75,-150.75,5517.8,-1
3,61.50,-19.50,5314.5,-1
3,57.75,-65.50,5543.8,-1
3,53.75,-125.75,5631.5,-1
3,53.25,29.25,5698.5,-1
3,53.00,141.00,5596.3,-1
3,51.50,31.00,5696.6,-1
3,50.25,119.50,5570.7,-1
3,48.75,-90.25,5688.9,-1
3,44.75,178.75,5622.6,-1
3,38.25,14.25,5703.9,-1
3,35.75,-16.00,5813.2,-1
3,35.25,-127.00,5839.2,-1
3,31.25,-138.00,5766.0,-1
3,28.75,84.25,5858.0,-1
3,28.00,84.00,5859.2,-1
3,27.50,91.25,5856.1,-1
3,26.50,137.00,5856.1,-1
4,89.75,-85.50,5204.2,-1
4,89.75,-83.75,5204.1,-1
4,89.75,-82.00,5203.9,-1
4,89.75,-80.25,5203.8,-1
4,89.75,76.75,5203.4,-1
4,89.75,78.00,5203.5,-1
4,89.75,79.25,5203.6,-1
4,89.75,80.50,5203.7,-1
4,89.75,82.00,5203.8,-1
4,89.75,83.25,5203.9,-1
4,89.75,84.50,5204.0,-1
4,89.75,85.75,5204.1,-1
4,89.75,87.00,5204.2,-1
4,89.75,88.25,5204.3,-1
4,86.50,60.50,5191.2,-1
4,86.50,62.50,5191.4,-1
4,86.25,65.25,5191.5,-1
4,86.25,66.00,5191.5,-1
4,86.00,15.50,5173.8,-1
4,86.00,16.25,5173.8,-1
4,85.75,18.50,5173.5,-1
4,85.75,19.25,5173.5,-1
4,85.75,21.00,5173.5,-1
4,85.75,22.25,5173.5,-1
4,66.50,89.25,5539.2,-1
4,64.00,-147.25,5519.1,-1
4,63.75,-149.25,5516.8,-1
4,61.00,-147.25,5530.7,-1
4,61.00,-18.25,5334.7,-1
4,56.75,-62.25,5550.1,-1
4,53.00,27.00,5698.2,-1
4,53.00,140.50,5599.5,-1
4,52.75,132.75,5624.2,-1
4,50.00,119.75,5575.7,-1
4,48.50,-88.00,5697.1,-1
4,45.75,36.50,5769.0,-1
4,43.50,178.75,5615.2,-1
4,37.75,-128.75,5829.5,-1
4,37.75,15.75,5711.8,-1
4,36.25,-15.50,5818.2,-1
4,35.75,-127.50,5833.3,-1
4,33.00,-115.25,5872.5,-1
4,32.00,-137.50,5762.3,-1
4,27.25,156.75,5868.6,-1
4,26.50,73.50,5838.4,-1
4,26.00,155.25,5865.9,-1
4,25.75,159.50,5872.9,-1
5,87.75,-4.75,5178.0,-1
5,87.75,-3.75,5177.9,-1
5,87.75,-3.00,5177.8,-1
5,87.75,-2.00,5177.8,-1
5,87.75,-1.25,5177.7,-1
5,87.75,-0.25,5177.7,-1
5,87.75,0.75,5177.6,-1
5,87.75,1.75,5177.6,-1
5,87.50,3.00,5177.5,-1
5,87.50,4.00,5177.4,-1
5,87.50,5.00,5177.4,-1
5,87.50,6.00,5177.3,-1
5,87.50,6.75,5177.3,-1
5,87.50,7.75,5177.3,-1
5,87.50,9.00,5177.2,-1
5,87.50,10.50,5177.2,-1
5,87.50,11.75,5177.2,-1
5,86.75,67.00,5181.4,-1
5,86.75,67.75,5181.5,-1
5,86.75,69.00,5181.6,-1
5,86.75,70.25,5181.6,-1
5,86.75,71.50,5181.7,-1
5,86.75,72.75,5181.8,-1
5,86.75,73.50,5181.8,-1
5,85.75,39.25,5170.5,-1
5,85.75,40.00,5170.5,-1
5,85.75,41.00,5170.5,-1
5,66.50,89.50,5541.1,-1
5,61.50,-15.75,5341.6,-1
5,59.50,-143.00,5545.3,-1
5,56.00,-59.00,5529.2,-1
5,55.25,137.50,5617.4,-1
5,53.50,132.75,5625.9,-1
5,53.50,133.50,5626.2,-1
5,53.50,135.00,5626.3,-1
5,53.25,141.25,5603.7,-1
5,52.25,26.25,5695.3,-1
5,50.50,69.25,5667.4,-1
5,49.50,120.75,5593.8,-1
5,48.75,-88.75,5688.9,-1
5,42.75,-179.75,5608.3,-1
5,38.00,-129.25,5824.3,-1
5,37.75,17.00,5721.3,-1
5,37.00,-15.00,5805.0,-1
5,32.75,-136.50,5758.4,-1
5,28.25,91.25,5856.1,-1
5,27.50,92.00,5857.2,-1
5,26.25,154.75,5859.6,-1
5,26.25,157.75,5857.5,-1
5,25.75,-74.25,5884.1,-1
6,87.25,9.25,5185.7,-1
6,87.25,10.25,5185.6,-1
6,87.25,11.50,5185.5,-1
6,87.25,13.00,5185.3,-1
6,87.00,85.75,5172.4,-1
6,87.00,86.75,5172.3,-1
6,87.00,87.75,5172.3,-1
6,87.00,90.00,5172.2,-1
6,87.00,91.00,5172.3,-1
6,87.00,91.75,5172.3,-1
6,85.75,58.50,5170.5,-1
6,85.75,59.50,5170.5,-1
6,66.50,88.75,5549.9,-1
6,62.25,-13.75,5376.1,-1
6,61.00,-143.50,5554.5,-1
6,59.75,-140.25,5545.5,-1
6,59.75,-42.25,5511.4,-1
6,58.50,-139.25,5543.2,-1
6,55.25,136.25,5616.8,-1
6,55.00,-56.25,5530.0,-1
6,54.25,133.25,5623.8,-1
6,54.00,142.00,5612.9,-1
6,52.00,26.25,5713.1,-1
6,50.50,125.75,5610.6,-1
6,50.25,-90.25,5691.9,-1
6,49.75,68.75,5670.2,-1
6,49.00,122.50,5609.8,-1
6,48.75,-89.00,5683.6,-1
6,43.50,-178.00,5602.7,-1
6,38.25,-129.50,5799.1,-1
6,38.00,17.25,5744.3,-1
6,37.75,-14.50,5815.9,-1
6,33.75,-135.50,5742.2,-1
6,27.25,157.00,5866.1,-1
6,26.50,155.00,5861.2,-1
6,26.25,158.00,5867.6,-1
7,89.75,-161.00,5196.5,-1
7,89.75,-160.25,5196.5,-1
7,89.75,-159.25,5196.6,-1
7,89.75,-158.50,5196.6,-1
7,89.75,-157.75,5196.7,-1
7,89.75,27.00,5196.7,-1
7,86.75,117.75,5162.7,-1
7,86.75,118.50,5162.7,-1
7,86.75,119.25,5162.6,-1
7,86.75,120.50,5162.6,-1
7,86.75,121.25,5162.7,-1
7,86.75,122.25,5162.7,-1
7,86.75,123.25,5162.8,-1
7,65.75,88.00,5541.1,-1
7,63.25,-11.50,5405.0,-1
7,59.50,-39.50,5518.1,-1
7,59.25,-136.75,5556.3,-1
7,59.25,-133.25,5553.8,-1
7,59.00,-138.25,5559.5,-1
7,59.00,-134.50,5552.4,-1
7,55.25,134.50,5597.4,-1
7,55.25,140.75,5609.6,-1
7,55.00,141.50,5609.6,-1
7,54.00,-53.00,5529.9,-1
7,53.75,132.00,5598.8,-1
7,53.50,131.25,5598.8,-1
7,52.00,27.00,5725.4,-1
7,51.00,127.25,5595.1,-1
7,49.50,69.25,5659.6,-1
7,49.00,-89.75,5696.3,-1
7,48.75,124.75,5602.1,-1
7,45.25,-177.50,5593.6,-1
7,38.50,-13.75,5818.0,-1
7,38.00,17.25,5762.5,-1
7,34.25,-135.00,5744.3,-1
7,30.50,89.25,5859.0,-1
7,28.25,87.25,5859.1,-1
7,26.50,154.00,5840.1,-1
8,89.75,-155.50,5191.0,-1
8,89.75,-154.75,5191.1,-1
8,89.75,-153.50,5191.1,-1
8,89.75,-152.75,5191.2,-1
8,89.75,-152.00,5191.2,-1
8,89.75,-151.25,5191.3,-1
8,89.75,-150.00,5191.4,-1
8,89.75,-149.25,5191.4,-1
8,89.75,-148.50,5191.5,-1
8,89.75,-147.25,5191.5,-1
8,89.75,-146.50,5191.6,-1
8,89.75,-145.75,5191.6,-1
8,89.75,-144.50,5191.7,-1
8,89.75,48.25,5191.8,-1
8,89.75,49.00,5191.7,-1
8,89.75,49.75,5191.6,-1
8,89.75,51.00,5191.6,-1
8,89.75,51.75,5191.5,-1
8,89.75,53.00,5191.4,-1
8,89.75,54.25,5191.4,-1
8,89.75,55.00,5191.3,-1
8,89.75,56.25,5191.2,-1
8,89.75,57.00,5191.2,-1
8,89.75,58.25,5191.1,-1
8,89.75,59.50,5191.0,-1
8,89.75,60.25,5191.0,-1
8,89.75,61.50,5190.9,-1
8,89.75,62.75,5190.8,-1
8,86.75,151.00,5154.5,-1
8,86.75,152.25,5154.4,-1
8,86.75,153.50,5154.5,-1
8,64.75,87.25,5522.3,-1
8,64.25,-9.00,5422.9,-1
8,62.00,-119.00,5545.6,-1
8,59.75,-37.50,5519.9,-1
8,54.25,133.00,5575.6,-1
8,53.25,-49.50,5525.7,-1
8,51.50,27.25,5730.5,-1
8,48.75,69.25,5641.3,-1
8,48.25,-90.25,5710.2,-1
8,46.25,-178.75,5589.3,-1
8,39.50,-12.75,5827.3,-1
8,37.75,17.25,5777.6,-1
8,35.00,-134.25,5743.4,-1
8,28.25,-46.00,5895.3,-1
8,28.25,152.50,5849.8,-1
8,27.00,153.50,5842.1,-1
9,89.75,-125.75,5185.5,-1
9,89.75,61.25,5186.0,-1
9,89.75,62.50,5185.9,-1
9,89.75,63.75,5185.8,-1
9,89.75,65.00,5185.7,-1
9,89.75,66.25,5185.6,-1
9,89.75,67.50,5185.5,-1
9,89.75,68.75,5185.4,-1
9,89.75,70.00,5185.3,-1
9,87.25,176.00,5145.6,-1
9,87.25,176.75,5145.5,-1
9,87.25,178.00,5145.6,-1
9,65.00,-6.75,5426.8,-1
9,64.00,86.75,5519.8,-1
9,60.00,-35.25,5517.1,-1
9,54.25,132.25,5578.7,-1
9,54.25,133.00,5578.7,-1
9,52.50,-46.25,5506.3,-1
9,50.00,29.25,5719.8,-1
9,48.25,70.00,5643.0,-1
9,47.25,-91.00,5716.0,-1
9,46.50,-179.00,5588.0,-1
9,37.75,17.25,5788.0,-1
9,35.50,-133.25,5747.1,-1
9,27.50,-45.75,5874.5,-1
9,27.00,153.00,5836.0,-1
9,26.50,77.25,5859.1,-1
10,87.75,-168.00,5140.6,-1
10,87.75,-167.00,5140.5,-1
10,87.75,-165.75,5140.5,-1
10,87.75,-165.00,5140.5,-1
10,87.75,-164.25,5140.6,-1
10,66.25,92.00,5541.1,-1
10,65.50,-4.75,5448.5,-1
10,65.25,-113.00,5473.1,-1
10,64.25,-120.25,5498.3,-1
10,63.00,86.50,5528.9,-1
10,60.50,-33.75,5526.6,-1
10,56.75,-43.25,5559.2,-1
10,53.75,132.25,5584.6,-1
10,52.50,-43.00,5503.1,-1
10,50.00,30.25,5725.0,-1
10,48.25,71.00,5653.5,-1
10,46.75,-177.75,5593.5,-1
10,46.00,-90.25,5711.8,-1
10,37.50,17.25,5811.2,-1
10,36.25,-132.50,5733.0,-1
10,27.25,151.50,5847.3,-1
10,26.75,-45.25,5879.1,-1
11,88.50,-166.75,5130.3,-1
11,88.50,-165.50,5130.2,-1
11,88.50,-164.75,5130.1,-1
11,88.50,-163.75,5130.1,-1
11,88.50,-163.00,5130.1,-1
11,88.50,-162.25,5130.0,-1
11,88.50,-160.00,5130.0,-1
11,88.50,-159.25,5130.1,-1
11,88.50,-158.50,5130.1,-1
11,88.50,-157.50,5130.1,-1
11,88.50,-156.75,5130.2,-1
11,88.50,-156.00,5130.2,-1
11,88.50,-154.75,5130.3,-1
11,67.00,91.50,5532.1,-1
11,66.50,-111.25,5453.2,-1
11,66.25,-2.00,5467.4,-1
11,62.25,86.75,5524.0,-1
11,54.00,134.50,5577.4,-1
11,53.50,132.75,5576.0,-1
11,52.75,-40.75,5492.3,-1
11,50.50,30.75,5726.5,-1
11,48.25,-176.50,5593.8,-1
11,48.00,71.75,5650.9,-1
11,44.25,-89.25,5722.5,-1
11,37.25,17.25,5822.4,-1
11,37.00,-132.25,5734.5,-1
11,27.00,150.25,5837.6,-1
11,26.50,-45.00,5869.8,-1
12,89.00,126.75,5122.5,-1
12,89.00,128.00,5122.4,-1
12,89.00,128.75,5122.4,-1
12,89.00,129.50,5122.3,-1
12,89.00,130.25,5122.3,-1
12,89.00,131.25,5122.2,-1
12,89.00,132.50,5122.2,-1
12,89.00,133.75,5122.1,-1
12,89.00,134.75,5122.1,-1
12,89.00,136.00,5122.1,-1
12,89.00,139.75,5122.1,-1
12,89.00,141.00,5122.1,-1
12,89.00,142.00,5122.1,-1
12,89.00,142.75,5122.2,-1
12,89.00,143.50,5122.2,-1
12,89.00,144.75,5122.2,-1
12,89.00,145.75,5122.3,-1
12,89.00,147.00,5122.4,-1
12,89.00,148.25,5122.4,-1
12,89.00,149.00,5122.5,-1
12,89.00,149.75,5122.5,-1
12,89.00,150.75,5122.6,-1
12,89.00,152.25,5122.7,-1
12,89.00,154.50,5122.9,-1
12,67.75,-108.50,5445.7,-1
12,67.25,91.50,5528.7,-1
12,66.75,0.75,5488.0,-1
12,62.00,-50.75,5520.7,-1
12,61.25,-53.75,5518.9,-1
12,61.25,87.75,5524.9,-1
12,55.75,-44.00,5536.7,-1
12,54.25,135.50,5582.1,-1
12,53.50,-38.75,5485.5,-1
12,53.50,133.75,5583.6,-1
12,50.25,30.75,5714.7,-1
12,49.75,-175.75,5608.6,-1
12,47.75,72.25,5634.3,-1
12,43.00,-89.00,5723.8,-1
12,37.25,-132.00,5737.9,-1
12,36.75,16.75,5831.1,-1
12,27.00,149.50,5854.5,-1
12,26.50,-44.75,5869.3,-1
13,88.25,128.25,5115.9,-1
13,88.25,129.25,5115.8,-1
13,88.25,130.00,5115.8,-1
13,88.25,130.75,5115.8,-1
13,88.25,131.75,5115.8,-1
13,88.25,132.75,5115.9,-1
13,68.75,-105.75,5432.6,-1
13,67.50,91.75,5544.7,-1
13,67.00,3.50,5503.0,-1
13,61.25,88.25,5539.8,-1
13,59.25,-53.25,5513.6,-1
13,54.75,-38.00,5462.9,-1
13,54.00,134.75,5595.5,-1
13,53.75,136.00,5595.4,-1
13,51.50,-175.50,5608.1,-1
13,49.25,30.00,5713.9,-1
13,47.75,73.00,5643.7,-1
13,43.50,-86.25,5726.4,-1
13,42.25,-87.50,5727.8,-1
13,37.00,-131.25,5733.8,-1
13,36.00,16.00,5831.6,-1
13,34.00,-149.75,5829.1,-1
13,27.25,149.00,5849.2,-1
13,26.25,-45.00,5848.0,-1
14,87.75,140.50,5123.1,-1
14,87.75,141.25,5123.1,-1
14,87.75,142.00,5123.1,-1
14,87.75,143.25,5123.1,-1
14,87.75,144.25,5123.1,-1
14,70.50,-102.75,5413.3,-1
14,67.00,6.25,5534.6,-1
14,61.00,88.50,5554.1,-1
14,57.00,-52.50,5529.5,-1
14,56.00,-38.75,5460.5,-1
14,54.25,135.25,5612.4,-1
14,52.25,-176.00,5600.9,-1
14,51.00,75.75,5671.4,-1
14,48.25,-81.00,5750.6,-1
14,48.25,30.00,5722.4,-1
14,48.00,74.50,5663.7,-1
14,44.25,-85.75,5728.5,-1
14,42.75,-85.75,5729.9,-1
14,37.00,-129.75,5714.6,-1
14,36.25,16.50,5843.8,-1
14,27.00,147.75,5862.5,-1
14,26.00,-45.50,5851.9,-1
15,89.75,-118.75,5185.3,-1
15,89.75,-117.25,5185.5,-1
15,89.75,-116.00,5185.5,-1
15,89.75,-114.75,5185.6,-1
15,89.75,72.00,5185.5,-1
15,89.75,73.75,5185.4,-1
15,89.75,75.50,5185.2,-1
15,87.25,150.25,5123.4,-1
15,87.25,151.75,5123.4,-1
15,77.25,-173.75,5267.2,-1
15,71.00,-101.25,5425.1,-1
15,60.75,90.25,5545.7,-1
15,56.50,-40.25,5472.7,-1
15,54.00,134.75,5612.2,-1
15,53.75,135.75,5612.6,-1
15,53.00,-176.00,5592.8,-1
15,49.00,-81.75,5738.9,-1
15,48.25,75.25,5664.3,-1
15,47.25,-83.50,5744.1,-1
15,46.75,30.50,5726.6,-1
15,42.75,-85.75,5738.3,-1
15,41.50,-85.25,5738.9,-1
15,37.50,-128.25,5718.7,-1
15,36.00,16.50,5849.6,-1
15,33.25,-151.25,5826.8,-1
15,27.75,147.25,5851.9,-1
15,25.75,-45.25,5849.9,-1
16,89.75,59.75,5199.8,-1
16,89.75,60.50,5199.7,-1
16,89.75,61.25,5199.7,-1
16,89.75,62.00,5199.6,-1
16,89.75,62.75,5199.6,-1
16,89.75,63.50,5199.5,-1
16,89.75,64.50,5199.4,-1
16,89.75,65.25,5199.4,-1
16,86.50,159.75,5124.0,-1
16,86.50,160.75,5124.0,-1
16,86.50,162.00,5124.0,-1
16,76.50,-163.75,5229.3,-1
16,71.75,-95.75,5455.2,-1
16,61.00,91.00,5543.7,-1
16,59.75,-140.25,5562.0,-1
16,56.75,130.25,5630.8,-1
16,56.50,-41.75,5482.5,-1
16,56.25,129.50,5630.8,-1
16,56.00,130.25,5630.8,-1
16,55.50,131.25,5630.7,-1
16,54.25,133.25,5628.3,-1
16,54.00,134.25,5628.8,-1
16,53.50,-176.25,5593.8,-1
16,53.50,135.75,5631.1,-1
16,52.25,141.25,5631.2,-1
16,52.00,78.00,5657.9,-1
16,52.00,142.25,5630.9,-1
16,51.75,-42.50,5511.6,-1
16,51.00,78.50,5657.5,-1
16,49.00,-82.25,5730.7,-1
16,48.75,76.00,5657.7,-1
16,45.50,31.50,5719.5,-1
16,41.50,-84.25,5741.4,-1
16,38.75,-127.00,5716.4,-1
16,35.00,13.75,5851.8,-1
16,33.50,-149.00,5836.0,-1
16,33.25,-152.50,5834.5,-1
16,28.50,146.75,5866.8,-1
16,25.50,-45.00,5860.7,-1
17,85.75,178.25,5124.5,-1
17,85.75,179.00,5124.5,-1
17,76.25,-154.75,5207.5,-1
17,64.50,19.00,5601.6,-1
17,62.50,91.75,5549.0,-1
17,59.25,-139.25,5557.4,-1
17,59.25,-138.25,5556.4,-1
17,58.25,120.75,5650.9,-1
17,58.00,126.75,5646.6,-1
17,57.75,129.00,5646.4,-1
17,57.50,124.50,5647.4,-1
17,57.00,128.75,5646.2,-1
17,56.75,126.75,5647.4,-1
17,56.25,131.25,5648.5,-1
17,56.00,127.50,5647.4,-1
17,55.50,-43.75,5476.2,-1
17,54.25,-176.50,5585.1,-1
17,54.25,133.50,5648.3,-1
17,54.00,134.50,5647.9,-1
17,52.25,-40.75,5494.2,-1
17,52.25,143.00,5635.0,-1
17,48.25,-82.25,5721.9,-1
17,48.25,76.75,5667.4,-1
17,44.75,33.00,5719.2,-1
17,42.00,-83.50,5737.3,-1
17,41.50,-177.50,5695.7,-1
17,39.75,-126.25,5711.4,-1
17,34.50,13.50,5848.8,-1
17,33.00,-152.75,5835.6,-1
17,29.50,146.75,5865.3,-1
17,26.25,-62.25,5896.3,-1
17,26.00,-45.00,5847.3,-1
18,85.50,-165.75,5124.7,-1
18,85.50,-165.00,5124.7,-1
18,75.75,-148.00,5205.8,-1
18,63.75,20.25,5628.8,-1
18,63.50,24.25,5632.8,-1
18,63.00,92.00,5559.9,-1
18,62.00,21.25,5630.8,-1
18,60.75,23.75,5629.5,-1
18,60.75,25.25,5628.9,-1
18,59.25,117.50,5658.3,-1
18,59.00,127.00,5657.7,-1
18,58.75,119.75,5656.3,-1
18,58.25,-137.50,5544.5,-1
18,58.25,120.75,5656.6,-1
18,57.75,129.25,5658.6,-1
18,57.25,124.50,5660.0,-1
18,57.00,129.25,5660.1,-1
18,56.75,127.50,5660.5,-1
18,56.75,130.25,5660.0,-1
18,56.25,129.50,5660.2,-1
18,56.25,131.00,5660.5,-1
18,54.75,-178.00,5579.4,-1
18,54.25,135.50,5663.2,-1
18,53.75,-44.50,5479.7,-1
18,53.25,-40.25,5490.3,-1
18,52.25,144.00,5635.0,-1
18,48.75,-81.25,5723.5,-1
18,44.50,34.50,5732.4,-1
18,42.50,-176.25,5659.7,-1
18,41.25,-82.25,5731.9,-1
18,41.00,-125.75,5693.6,-1
18,34.50,13.75,5867.5,-1
18,33.00,-151.50,5824.4,-1
18,31.50,-151.75,5824.2,-1
18,30.25,146.50,5877.5,-1
18,27.25,66.25,5856.0,-1
18,26.75,65.25,5855.1,-1
18,26.50,-45.00,5866.4,-1
18,26.25,63.00,5856.4,-1
18,25.50,114.75,5818.8,-1
19,86.25,-157.50,5126.8,-1
19,86.25,-156.25,5126.8,-1
19,75.25,-142.25,5209.7,-1
19,63.00,93.25,5549.4,-1
19,60.00,125.00,5654.9,-1
19,59.75,25.50,5627.2,-1
19,59.50,119.50,5653.3,-1
19,58.00,26.25,5624.6,-1
19,57.50,-136.50,5543.0,-1
19,54.50,-179.00,5567.4,-1
19,52.25,-43.75,5482.8,-1
19,52.25,144.75,5630.8,-1
19,49.50,-80.75,5728.3,-1
19,44.50,36.75,5736.8,-1
19,43.50,-175.50,5634.1,-1
19,43.50,-132.75,5694.1,-1
19,42.00,-125.25,5701.1,-1
19,41.25,-81.50,5741.1,-1
19,34.25,15.00,5868.5,-1
19,27.25,-45.00,5874.6,-1
19,26.50,116.50,5828.2,-1
20,87.75,-159.00,5133.1,-1
20,87.75,-158.25,5133.0,-1
20,87.75,-157.00,5133.0,-1
20,87.75,-155.25,5133.0,-1
20,87.75,-154.50,5133.0,-1
20,87.75,-153.00,5133.1,-1
20,74.75,-137.00,5215.0,-1
20,72.75,-9.25,5466.3,-1
20,62.75,94.00,5524.6,-1
20,56.50,29.50,5591.6,-1
20,56.25,-137.00,5561.8,-1
20,54.50,-179.75,5566.9,-1
20,52.00,146.50,5641.0,-1
20,51.25,83.50,5657.3,-1
20,51.00,-42.25,5489.0,-1
20,50.50,-80.25,5735.3,-1
20,50.50,81.75,5658.2,-1
20,46.00,38.50,5718.4,-1
20,45.25,-175.50,5619.2,-1
20,45.00,39.25,5719.9,-1
20,44.50,119.25,5665.9,-1
20,44.00,-124.00,5706.5,-1
20,42.75,122.75,5639.8,-1
20,41.50,-132.00,5699.3,-1
20,41.50,-80.50,5743.3,-1
20,40.50,-80.25,5742.1,-1
20,27.50,-45.00,5885.8,-1
21,89.75,-144.25,5147.1,-1
21,89.75,-143.50,5147.2,-1
21,89.75,-142.75,5147.2,-1
21,89.75,-142.00,5147.3,-1
21,89.75,-141.25,5147.3,-1
21,89.75,-140.50,5147.4,-1
21,89.75,-139.75,5147.4,-1
21,89.75,-139.00,5147.5,-1
21,89.75,-138.25,5147.6,-1
21,89.75,-137.50,5147.6,-1
21,89.75,-136.75,5147.6,-1
21,89.75,-135.75,5147.7,-1
21,89.75,-135.00,5147.8,-1
21,89.75,-134.25,5147.8,-1
21,89.75,-133.25,5147.9,-1
21,89.75,-132.25,5148.0,-1
21,89.75,-131.50,5148.0,-1
21,89.75,-130.50,5148.1,-1
21,89.75,-129.50,5148.2,-1
21,89.75,-128.50,5148.3,-1
21,89.75,-127.50,5148.3,-1
21,89.75,-126.50,5148.4,-1
21,89.75,-125.50,5148.5,-1
21,89.75,-124.50,5148.6,-1
21,89.75,-123.50,5148.6,-1
21,89.75,-122.25,5148.8,-1
21,89.75,-121.25,5148.8,-1
21,89.75,69.25,5148.8,-1
21,89.75,70.25,5148.8,-1
21,89.75,71.00,5148.7,-1
21,89.75,71.75,5148.6,-1
21,89.75,72.75,5148.6,-1
21,89.75,73.50,5148.5,-1
21,89.75,74.25,5148.5,-1
21,89.75,75.25,5148.4,-1
21,89.75,76.00,5148.3,-1
21,89.75,76.75,5148.3,-1
21,89.75,77.50,5148.2,-1
21,89.75,78.25,5148.2,-1
21,89.75,79.00,5148.1,-1
21,89.75,79.75,5148.1,-1
21,89.75,80.50,5148.0,-1
21,89.75,81.25,5148.0,-1
21,89.75,82.00,5147.9,-1
21,89.75,82.75,5147.9,-1
21,89.75,83.50,5147.8,-1
21,89.75,84.25,5147.8,-1
21,89.75,85.00,5147.7,-1
21,89.75,86.25,5147.6,-1
21,89.75,87.00,5147.6,-1
21,89.75,88.25,5147.5,-1
21,89.75,89.00,5147.5,-1
21,89.75,90.25,5147.4,-1
21,89.75,91.00,5147.3,-1
21,89.75,92.25,5147.3,-1
21,89.75,93.50,5147.2,-1
21,89.75,94.50,5147.1,-1
21,89.75,95.25,5147.1,-1
21,89.75,96.50,5147.0,-1
21,89.75,97.50,5147.0,-1
21,89.75,98.25,5146.9,-1
21,89.75,99.25,5146.9,-1
21,89.75,100.00,5146.8,-1
21,89.75,101.00,5146.7,-1
21,89.75,102.00,5146.7,-1
21,89.50,-161.25,5145.3,-1
21,89.50,107.00,5146.2,-1
21,89.50,110.50,5145.9,-1
21,89.50,113.00,5145.7,-1
21,89.50,114.75,5145.5,-1
21,89.50,116.50,5145.4,-1
21,89.50,118.00,5145.3,-1
21,89.50,119.25,5145.2,-1
21,89.50,120.50,5145.0,-1
21,89.50,121.75,5145.0,-1
21,89.50,122.75,5144.9,-1
21,89.50,123.75,5144.8,-1
21,89.50,124.75,5144.7,-1
21,89.50,125.75,5144.7,-1
21,89.50,126.75,5144.6,-1
21,89.50,127.50,5144.5,-1
21,89.50,128.50,5144.4,-1
21,89.50,129.25,5144.4,-1
21,89.50,130.00,5144.3,-1
21,89.50,130.75,5144.3,-1
21,89.50,131.50,5144.2,-1
21,89.50,132.25,5144.2,-1
21,89.50,133.50,5144.1,-1
21,89.50,134.25,5144.1,-1
21,89.50,135.50,5144.0,-1
21,89.50,136.50,5143.9,-1
21,89.50,137.25,5143.9,-1
21,89.50,138.25,5143.8,-1
21,89.50,139.25,5143.8,-1
21,89.50,140.25,5143.7,-1
21,89.50,141.25,5143.7,-1
21,89.50,142.25,5143.6,-1
21,89.50,143.50,5143.6,-1
21,89.50,144.75,5143.5,-1
21,89.50,146.00,5143.5,-1
21,89.50,146.75,5143.5,-1
21,89.50,147.50,5143.4,-1
21,89.50,148.25,5143.4,-1
21,89.50,149.00,5143.4,-1
21,89.50,150.00,5143.3,-1
21,89.25,-179.50,5143.6,-1
21,89.25,-178.75,5143.6,-1
21,89.25,-177.75,5143.7,-1
21,89.25,-176.75,5143.8,-1
21,89.25,-175.50,5143.9,-1
21,89.25,-174.00,5144.0,-1
21,89.25,151.75,5143.3,-1
21,89.25,152.75,5143.2,-1
21,89.25,153.50,5143.2,-1
21,89.25,154.25,5143.2,-1
21,89.25,155.50,5143.1,-1
21,89.25,156.50,5143.1,-1
21,89.25,157.50,5143.1,-1
21,89.25,158.50,5143.1,-1
21,89.25,159.75,5143.0,-1
21,89.25,161.75,5143.0,-1
21,89.25,166.25,5143.0,-1
21,89.25,168.25,5143.0,-1
21,89.25,169.50,5143.1,-1
21,89.25,170.50,5143.1,-1
21,89.25,171.25,5143.1,-1
21,89.25,172.00,5143.1,-1
21,89.25,172.75,5143.2,-1
21,89.25,173.50,5143.2,-1
21,89.25,174.75,5143.2,-1
21,89.25,175.75,5143.3,-1
21,89.25,176.75,5143.3,-1
21,89.25,177.75,5143.4,-1
21,89.25,178.50,5143.5,-1
21,89.25,179.75,5143.5,-1
21,74.50,-131.75,5216.3,-1
21,73.25,-3.00,5444.3,-1
21,62.75,95.50,5521.0,-1
21,56.50,31.25,5572.3,-1
21,54.75,-180.00,5558.8,-1
21,53.50,-137.25,5575.0,-1
21,52.00,148.75,5648.5,-1
21,51.00,-80.75,5732.3,-1
21,50.75,-41.00,5478.1,-1
21,46.75,-175.25,5614.0,-1
21,46.00,69.75,5707.4,-1
21,44.25,-80.00,5740.4,-1
21,43.25,124.75,5591.3,-1
21,42.00,-79.50,5737.1,-1
21,40.50,-130.75,5696.6,-1
21,32.25,-147.25,5833.5,-1
21,31.75,-6.00,5915.1,-1
21,28.50,0.50,5895.1,-1
21,28.00,-45.25,5878.0,-1
22,88.25,88.75,5158.5,-1
22,88.25,90.75,5158.5,-1
22,88.25,91.50,5158.5,-1
22,88.25,92.50,5158.5,-1
22,88.25,93.75,5158.6,-1
22,88.00,85.50,5158.6,-1
22,88.00,86.50,5158.5,-1
22,88.00,87.25,5158.5,-1
22,74.25,-128.00,5210.3,-1
22,73.75,1.50,5445.2,-1
22,63.50,97.00,5527.7,-1
22,57.25,32.25,5574.6,-1
22,55.25,178.75,5545.1,-1
22,55.00,-39.00,5524.8,-1
22,51.25,-80.75,5742.1,-1
22,50.50,-40.00,5489.2,-1
22,50.00,-81.75,5742.0,-1
22,49.75,-175.50,5597.9,-1
22,49.25,-135.25,5551.8,-1
22,46.25,-79.00,5732.8,-1
22,45.50,72.25,5728.0,-1
22,45.00,-78.75,5732.8,-1
22,44.75,126.50,5590.8,-1
22,44.25,68.00,5722.4,-1
22,43.25,-78.75,5733.0,-1
22,40.00,-129.00,5676.5,-1
22,37.75,-2.75,5916.4,-1
22,31.00,84.50,5839.0,-1
23,86.75,94.50,5171.0,-1
23,86.75,95.25,5170.9,-1
23,81.50,-179.25,5247.7,-1
23,74.25,-123.50,5210.9,-1
23,74.00,5.75,5448.0,-1
23,64.25,98.50,5512.1,-1
23,63.00,99.00,5511.3,-1
23,59.00,135.50,5674.6,-1
23,57.25,32.00,5574.9,-1
23,55.25,177.00,5526.9,-1
23,50.00,-39.25,5499.4,-1
23,48.00,-134.25,5544.1,-1
23,48.00,-77.00,5739.4,-1
23,47.25,-134.25,5544.2,-1
23,47.00,-78.75,5733.2,-1
23,45.50,127.25,5595.4,-1
23,45.00,72.25,5729.2,-1
23,44.75,-77.00,5738.0,-1
23,43.25,67.75,5721.3,-1
23,41.75,-2.25,5919.4,-1
23,36.25,-3.00,5908.2,-1
23,36.25,24.00,5835.6,-1
23,30.75,-3.75,5918.5,-1
23,25.50,128.50,5628.0,-1
24,85.75,105.50,5183.7,-1
24,78.25,-164.75,5272.2,-1
24,74.50,-118.25,5219.1,-1
24,74.00,9.00,5445.6,-1
24,66.00,98.25,5488.0,-1
24,63.25,102.00,5486.5,-1
24,57.50,32.50,5558.4,-1
24,55.25,148.00,5670.1,-1
24,55.25,175.00,5521.2,-1
24,49.50,-37.75,5501.2,-1
24,48.25,-77.00,5734.3,-1
24,47.00,-133.50,5543.0,-1
24,46.75,-79.00,5732.9,-1
24,45.75,128.25,5612.5,-1
24,42.75,71.00,5723.7,-1
24,42.50,69.00,5719.4,-1
24,37.50,-5.50,5905.3,-1
24,36.50,-3.50,5902.2,-1
24,36.25,24.50,5812.9,-1
24,33.25,-3.75,5914.1,-1
24,26.75,128.25,5602.3,-1
25,85.50,116.00,5195.4,-1
25,75.75,-151.50,5260.0,-1
25,75.00,-113.25,5218.3,-1
25,74.00,11.75,5441.8,-1
25,72.00,85.00,5458.4,-1
25,66.25,98.75,5484.0,-1
25,66.25,103.75,5490.4,-1
25,65.00,103.25,5490.2,-1
25,57.00,33.25,5552.6,-1
25,54.25,174.25,5514.1,-1
25,53.25,106.75,5576.2,-1
25,49.00,-36.00,5493.2,-1
25,48.75,-77.00,5729.3,-1
25,47.50,-75.25,5733.6,-1
25,46.50,-134.25,5542.6,-1
25,46.25,128.75,5634.6,-1
25,43.25,71.75,5746.3,-1
25,41.00,-83.75,5769.5,-1
25,28.75,-1.75,5896.1,-1
25,27.50,128.50,5569.6,-1
26,85.50,123.50,5202.2,-1
26,75.50,-108.50,5214.2,-1
26,74.25,-142.25,5232.4,-1
26,74.00,13.75,5448.6,-1
26,71.00,86.75,5467.3,-1
26,69.00,95.50,5482.5,-1
26,67.50,105.00,5471.4,-1
26,57.25,34.25,5573.6,-1
26,56.25,-32.25,5536.0,-1
26,54.25,173.00,5505.0,-1
26,52.75,109.00,5575.2,-1
26,49.25,-34.25,5503.4,-1
26,48.75,-77.00,5736.4,-1
26,46.25,129.00,5646.6,-1
26,46.00,175.25,5596.7,-1
26,45.00,-134.25,5535.8,-1
26,42.25,72.00,5774.3,-1
26,42.00,71.00,5771.8,-1
26,37.50,-6.00,5898.7,-1
26,37.25,-3.75,5899.5,-1
26,36.50,-4.50,5899.3,-1
26,36.25,-6.00,5898.0,-1
26,30.75,-7.25,5913.2,-1
26,30.00,-7.50,5912.1,-1
26,28.25,-3.25,5906.1,-1
26,28.25,129.50,5567.6,-1
27,85.25,129.25,5200.3,-1
27,85.25,130.00,5200.4,-1
27,76.25,-105.25,5229.8,-1
27,74.00,15.25,5449.4,-1
27,73.25,-134.75,5232.8,-1
27,68.75,105.25,5441.8,-1
27,68.50,108.00,5438.9,-1
27,68.25,89.50,5461.3,-1
27,58.75,34.50,5575.7,-1
27,55.75,-33.25,5531.7,-1
27,55.00,-31.50,5533.3,-1
27,54.00,172.00,5496.9,-1
27,53.25,110.25,5559.9,-1
27,49.50,-32.75,5504.0,-1
27,49.00,130.00,5638.4,-1
27,48.75,-77.25,5746.7,-1
27,46.00,130.00,5630.3,-1
27,44.00,-133.50,5551.1,-1
27,41.25,70.75,5784.2,-1
27,40.50,-5.50,5899.0,-1
27,38.25,-83.00,5777.9,-1
27,37.75,-7.25,5888.5,-1
27,33.75,-4.00,5894.4,-1
27,33.50,-7.00,5898.4,-1
27,31.50,-5.50,5897.9,-1
27,29.50,1.75,5895.1,-1
27,29.50,130.75,5533.8,-1
27,29.00,-1.75,5894.3,-1
27,28.75,-2.50,5894.3,-1
28,84.75,136.50,5202.9,-1
28,77.25,-100.75,5257.2,-1
28,73.50,16.75,5452.0,-1
28,72.25,-129.50,5268.6,-1
28,69.50,106.75,5419.8,-1
28,65.75,91.25,5449.4,-1
28,60.00,-29.00,5532.1,-1
28,59.25,34.50,5556.3,-1
28,54.75,129.75,5619.3,-1
28,53.25,171.50,5503.5,-1
28,52.50,132.50,5618.1,-1
28,51.75,112.75,5547.0,-1
28,50.25,130.00,5616.4,-1
28,49.75,-31.25,5502.1,-1
28,48.75,-77.75,5757.1,-1
28,48.00,138.75,5630.5,-1
28,47.50,137.00,5630.6,-1
28,47.00,137.75,5629.9,-1
28,44.00,-132.00,5563.9,-1
28,44.00,-81.50,5779.2,-1
28,43.00,-81.25,5779.3,-1
28,41.75,-83.75,5779.8,-1
28,39.25,-84.25,5785.1,-1
28,37.75,-82.25,5788.2,-1
28,37.25,-3.75,5882.2,-1
28,37.25,-3.00,5882.2,-1
28,31.75,-6.00,5899.3,-1
28,31.50,-0.25,5898.1,-1
28,31.25,-1.00,5898.2,-1
28,30.75,132.00,5496.9,-1
28,30.25,0.00,5898.0,-1
28,29.50,-1.50,5897.5,-1
28,29.25,-3.00,5897.4,-1
28,27.75,92.25,5852.0,-1
29,84.50,147.75,5206.8,-1
29,77.75,-98.25,5271.5,-1
29,73.25,18.00,5459.5,-1
29,71.25,-124.25,5297.9,-1
29,70.25,106.50,5448.7,-1
29,68.25,99.50,5474.4,-1
29,68.00,97.75,5475.6,-1
29,63.50,94.00,5456.4,-1
29,63.25,-28.50,5522.5,-1
29,59.50,34.50,5549.9,-1
29,52.75,171.50,5511.8,-1
29,51.50,114.00,5548.6,-1
29,50.25,-29.75,5486.1,-1
29,50.25,131.75,5605.0,-1
29,48.50,-78.00,5755.3,-1
29,48.00,140.75,5597.1,-1
29,44.50,-131.50,5568.0,-1
29,39.50,71.50,5819.2,-1
29,37.25,-3.75,5871.0,-1
29,36.00,-6.50,5870.9,-1
29,36.00,-5.00,5870.6,-1
29,32.50,-5.75,5885.1,-1
29,32.00,133.25,5523.1,-1
30,84.00,163.25,5213.5,-1
30,78.00,-95.75,5284.6,-1
30,72.50,20.00,5483.9,-1
30,71.00,107.00,5495.5,-1
30,70.25,-120.25,5315.7,-1
30,63.25,-33.00,5518.5,-1
30,62.00,37.50,5566.4,-1
30,62.00,95.50,5465.8,-1
30,60.25,36.75,5562.4,-1
30,53.75,-29.00,5479.5,-1
30,52.00,172.00,5520.1,-1
30,51.50,114.00,5548.9,-1
30,50.50,-71.75,5773.2,-1
30,49.75,143.50,5564.7,-1
30,48.25,-78.75,5754.4,-1
30,45.00,-131.50,5565.0,-1
30,43.00,1.50,5873.0,-1
30,41.75,-83.00,5778.9,-1
30,39.75,70.75,5832.0,-1
30,37.75,-83.50,5777.8,-1
30,36.50,-4.50,5881.1,-1
30,36.25,-5.25,5881.0,-1
30,33.00,134.00,5553.2,-1
30,31.50,-8.25,5898.1,-1
30,27.25,99.50,5853.0,-1
30,27.00,-5.25,5892.2,-1
31,83.25,179.25,5208.8,-1
31,78.50,-90.25,5304.7,-1
31,72.00,22.00,5496.9,-1
31,69.50,-116.50,5335.9,-1
31,63.00,35.25,5560.3,-1
31,62.75,37.00,5560.0,-1
31,62.00,-33.25,5494.1,-1
31,60.75,96.75,5460.2,-1
31,54.50,-28.50,5476.5,-1
31,51.50,172.25,5523.6,-1
31,51.25,114.25,5547.0,-1
31,50.75,145.25,5545.5,-1
31,49.75,115.75,5546.8,-1
31,48.00,-79.25,5760.7,-1
31,45.50,-131.75,5575.9,-1
31,44.50,-174.00,5636.2,-1
31,42.75,1.50,5874.4,-1
31,41.50,1.00,5876.6,-1
31,39.00,68.00,5832.1,-1
31,39.00,68.75,5831.2,-1
31,38.50,70.25,5829.3,-1
31,38.00,-83.25,5789.4,-1
31,38.00,69.50,5830.4,-1
31,37.75,-5.25,5876.0,-1
31,37.75,-3.75,5879.5,-1
31,37.25,-3.00,5877.5,-1
31,37.25,-1.50,5880.0,-1
31,37.00,-4.50,5877.4,-1
31,36.50,-3.75,5877.8,-1
31,34.25,134.75,5597.8,-1
31,33.00,-4.75,5889.1,-1
31,31.25,-6.25,5893.1,-1
31,26.75,-9.25,5895.0,-1
32,89.75,135.50,5368.1,-1
32,89.75,137.50,5367.9,-1
32,82.25,-159.25,5210.8,-1
32,82.25,-158.25,5210.8,-1
32,79.50,-84.00,5316.0,-1
32,71.75,106.25,5549.5,-1
32,71.00,23.50,5505.7,-1
32,69.00,-112.25,5361.9,-1
32,68.75,-29.75,5517.5,-1
32,66.75,36.00,5546.8,-1
32,63.75,36.75,5545.8,-1
32,60.75,-32.50,5464.5,-1
32,60.50,97.75,5445.8,-1
32,58.00,175.75,5616.4,-1
32,56.25,-27.25,5473.2,-1
32,53.75,130.00,5546.9,-1
32,51.25,146.75,5548.4,-1
32,50.75,173.25,5549.4,-1
32,48.00,118.50,5535.5,-1
32,47.75,-79.75,5774.6,-1
32,46.50,-172.50,5637.4,-1
32,46.25,-132.50,5592.4,-1
32,43.25,69.00,5817.0,-1
32,42.00,71.00,5810.1,-1
32,41.50,-81.75,5789.9,-1
32,40.75,-83.75,5793.7,-1
32,39.00,67.25,5816.0,-1
32,39.00,68.00,5813.7,-1
32,39.00,68.75,5813.4,-1
32,38.50,69.50,5812.1,-1
32,37.00,72.50,5813.3,-1
32,36.75,67.50,5814.7,-1
32,36.75,73.25,5814.4,-1
32,36.50,66.75,5815.5,-1
32,36.00,73.50,5813.2,-1
32,35.75,69.00,5816.2,-1
32,35.50,136.00,5659.6,-1
32,33.75,-85.25,5810.7,-1
32,32.00,-1.50,5895.1,-1
32,25.75,-8.75,5899.2,-1
32,25.50,81.50,5835.3,-1
33,89.75,132.00,5376.3,-1
33,89.75,133.00,5376.2,-1
33,89.75,134.00,5376.1,-1
33,89.75,135.25,5376.0,-1
33,89.75,136.25,5376.0,-1
33,83.25,-83.00,5312.3,-1
33,83.00,-81.75,5312.3,-1
33,82.75,-80.75,5312.4,-1
33,81.50,-79.50,5313.9,-1
33,81.25,-138.50,5169.0,-1
33,69.00,25.00,5500.9,-1
33,68.75,-106.75,5362.7,-1
33,67.25,35.50,5531.6,-1
33,60.75,97.50,5458.5,-1
33,60.25,-25.75,5451.4,-1
33,59.75,-31.50,5437.5,-1
33,58.50,173.50,5619.3,-1
33,54.25,128.50,5544.6,-1
33,51.75,148.00,5561.5,-1
33,51.50,127.75,5556.8,-1
33,50.25,174.75,5562.5,-1
33,48.00,126.25,5549.2,-1
33,47.75,-172.50,5625.5,-1
33,47.50,-80.25,5776.2,-1
33,47.25,122.00,5542.3,-1
33,47.00,120.75,5542.6,-1
33,46.00,-133.00,5591.0,-1
33,45.00,-83.00,5780.5,-1
33,41.50,-82.25,5788.6,-1
33,40.75,71.75,5810.5,-1
33,40.25,-1.25,5875.4,-1
33,38.50,70.25,5814.1,-1
33,38.50,72.00,5813.0,-1
33,38.00,69.50,5815.7,-1
33,37.75,70.25,5815.0,-1
33,37.75,71.00,5814.9,-1
33,37.25,-3.00,5874.3,-1
33,36.75,-0.25,5873.5,-1
33,36.75,73.25,5818.4,-1
33,36.50,-3.50,5874.9,-1
33,36.25,-5.00,5875.9,-1
33,36.00,73.50,5817.6,-1
33,35.75,69.00,5819.2,-1
33,34.50,80.00,5819.3,-1
33,31.00,-9.00,5892.1,-1
33,31.00,-2.50,5887.0,-1
34,80.75,-128.75,5087.6,-1
34,68.50,-102.25,5339.8,-1
34,67.25,35.50,5546.3,-1
34,66.50,25.50,5507.5,-1
34,61.75,-29.50,5431.3,-1
34,61.50,96.00,5474.6,-1
34,58.50,171.25,5619.2,-1
34,54.50,127.25,5546.4,-1
34,52.50,148.50,5584.3,-1
34,49.00,-173.00,5606.9,-1
34,49.00,176.50,5571.9,-1
34,48.75,127.25,5554.0,-1
34,46.75,-81.75,5774.9,-1
34,46.75,123.50,5546.9,-1
34,45.50,-133.00,5576.5,-1
34,41.25,70.75,5814.2,-1
34,40.75,71.75,5810.2,-1
34,40.25,-0.25,5879.6,-1
34,39.75,73.00,5811.3,-1
34,39.50,74.50,5808.2,-1
34,39.25,69.50,5817.2,-1
34,39.00,73.25,5812.0,-1
34,38.75,74.75,5808.1,-1
34,38.50,69.50,5819.6,-1
34,38.25,74.00,5808.4,-1
34,37.25,0.50,5877.4,-1
34,37.00,-2.50,5878.4,-1
34,36.00,72.75,5811.4,-1
34,36.00,73.50,5809.2,-1
34,36.00,78.00,5807.1,-1
34,35.25,73.25,5809.0,-1
34,34.75,-4.00,5889.1,-1
34,34.75,80.75,5796.4,-1
34,32.75,84.75,5811.6,-1
34,30.00,-1.25,5895.2,-1
34,28.25,85.00,5835.2,-1
35,80.25,-124.50,5045.6,-1
35,68.25,-97.75,5331.1,-1
35,67.75,34.25,5581.0,-1
35,63.25,25.50,5529.0,-1
35,63.00,-26.25,5427.0,-1
35,62.75,28.25,5531.9,-1
35,61.75,-28.75,5424.6,-1
35,61.50,93.75,5465.8,-1
35,59.75,-128.25,5629.8,-1
35,59.00,170.00,5623.1,-1
35,55.00,125.50,5543.3,-1
35,53.00,148.25,5589.7,-1
35,50.75,-174.25,5591.3,-1
35,48.25,179.25,5567.2,-1
35,46.25,125.50,5534.5,-1
35,45.50,-132.75,5590.2,-1
35,44.50,-83.75,5794.1,-1
35,43.25,-84.50,5793.9,-1
35,41.50,0.75,5872.1,-1
35,40.75,-85.00,5796.1,-1
35,39.75,70.75,5806.4,-1
35,39.50,71.50,5806.2,-1
35,39.25,-83.00,5799.3,-1
35,39.25,70.00,5810.3,-1
35,38.75,71.00,5809.3,-1
35,38.50,70.25,5812.1,-1
35,38.25,74.00,5812.1,-1
35,38.00,-4.25,5876.1,-1
35,37.75,71.00,5813.5,-1
35,37.50,0.50,5870.1,-1
35,37.25,-1.25,5872.6,-1
35,36.75,70.50,5816.3,-1
35,36.75,76.50,5812.2,-1
35,36.50,74.75,5809.5,-1
35,35.75,75.25,5813.2,-1
35,34.25,82.75,5819.1,-1
35,33.50,81.75,5816.3,-1
36,79.50,-120.00,5038.7,-1
36,68.00,-93.50,5336.0,-1
36,64.00,-29.50,5416.0,-1
36,62.00,-27.50,5419.2,-1
36,61.25,92.00,5453.2,-1
36,59.75,-127.00,5626.6,-1
36,59.25,28.75,5528.3,-1
36,55.00,123.25,5544.1,-1
36,52.50,-173.25,5574.6,-1
36,47.50,-178.25,5572.8,-1
36,46.00,127.75,5529.3,-1
36,45.75,-132.75,5605.3,-1
36,42.25,73.75,5791.4,-1
36,42.00,67.00,5792.5,-1
36,41.00,70.00,5791.3,-1
36,41.00,70.75,5790.7,-1
36,40.50,74.00,5791.3,-1
36,40.00,70.00,5793.1,-1
36,39.75,-85.00,5796.1,-1
36,39.75,70.75,5791.4,-1
36,39.50,71.50,5791.3,-1
36,39.25,-83.50,5795.9,-1
36,39.25,73.25,5794.0,-1
36,38.75,71.00,5792.2,-1
36,38.50,73.00,5794.5,-1
36,38.25,73.75,5794.5,-1
36,37.75,74.50,5795.1,-1
36,37.00,71.50,5795.6,-1
36,37.00,74.75,5794.0,-1
36,36.75,72.50,5795.1,-1
36,36.00,71.25,5794.5,-1
36,35.25,69.75,5797.3,-1
36,35.00,71.00,5794.2,-1
36,35.00,71.75,5793.0,-1
36,30.25,-9.00,5893.1,-1
36,28.75,-8.25,5890.0,-1
37,79.50,-113.25,5035.3,-1
37,67.25,-89.75,5328.1,-1
37,66.00,-39.00,5435.6,-1
37,63.50,-31.25,5407.2,-1
37,60.75,89.75,5472.0,-1
37,59.50,169.25,5635.0,-1
37,59.25,-128.00,5624.1,-1
37,58.25,-128.25,5623.9,-1
37,56.75,29.25,5523.4,-1
37,55.00,121.50,5564.8,-1
37,53.25,145.50,5553.5,-1
37,52.50,-174.25,5560.6,-1
37,51.00,122.25,5575.9,-1
37,49.00,149.50,5570.5,-1
37,47.25,-176.00,5574.0,-1
37,46.25,130.00,5548.6,-1
37,45.25,-132.75,5611.1,-1
37,42.00,71.00,5796.2,-1
37,41.75,72.75,5797.5,-1
37,41.25,70.75,5795.2,-1
37,41.00,73.00,5796.4,-1
37,40.25,71.50,5798.4,-1
37,40.00,77.50,5798.1,-1
37,39.75,-85.00,5793.1,-1
37,39.50,-83.25,5794.2,-1
37,36.75,1.75,5854.7,-1
38,79.75,-111.25,5038.2,-1
38,68.75,-21.50,5438.6,-1
38,65.75,-85.25,5333.5,-1
38,63.25,-32.75,5414.0,-1
38,60.25,88.50,5501.3,-1
38,59.25,-127.00,5594.8,-1
38,58.00,90.75,5500.1,-1
38,56.00,29.00,5540.8,-1
38,54.50,120.25,5588.7,-1
38,54.00,28.25,5539.1,-1
38,52.75,144.25,5537.3,-1
38,52.25,-174.00,5553.7,-1
38,51.00,150.75,5515.2,-1
38,49.25,127.50,5586.8,-1
38,46.50,132.25,5580.3,-1
38,45.00,-131.75,5609.6,-1
38,40.25,68.00,5810.2,-1
38,39.75,70.75,5808.1,-1
38,39.50,-84.00,5792.3,-1
38,38.75,71.75,5811.2,-1
38,36.00,73.50,5809.0,-1
38,34.75,81.25,5788.0,-1
38,34.25,72.00,5816.1,-1
38,34.00,85.75,5797.5,-1
38,33.75,84.25,5798.0,-1
38,27.25,-5.25,5887.2,-1
38,26.50,142.25,5891.1,-1
39,80.00,-112.50,5051.1,-1
39,64.25,-81.25,5339.3,-1
39,63.00,-33.75,5424.6,-1
39,60.75,167.50,5601.3,-1
39,59.25,87.50,5502.5,-1
39,59.00,-126.50,5575.3,-1
39,58.50,89.00,5502.8,-1
39,57.50,92.00,5499.1,-1
39,53.25,29.25,5540.8,-1
39,52.75,-173.50,5550.0,-1
39,52.75,148.75,5489.8,-1
39,52.25,153.00,5492.0,-1
39,52.00,28.50,5536.2,-1
39,51.75,143.00,5518.9,-1
39,51.75,144.00,5518.8,-1
39,50.75,121.00,5598.7,-1
39,50.00,123.00,5599.3,-1
39,49.25,117.75,5600.2,-1
39,49.25,127.75,5591.4,-1
39,48.50,120.25,5599.1,-1
39,47.00,119.50,5598.5,-1
39,45.50,-131.25,5618.7,-1
39,40.00,-83.25,5798.1,-1
39,40.00,70.00,5811.3,-1
39,39.25,69.50,5811.1,-1
39,38.75,71.00,5810.6,-1
39,38.25,-86.25,5802.2,-1
39,38.00,69.50,5813.5,-1
39,36.75,75.50,5814.1,-1
39,36.50,5.00,5867.4,-1
39,36.25,69.75,5819.3,-1
39,36.25,72.75,5817.4,-1
39,36.00,-83.75,5816.3,-1
39,36.00,70.50,5819.1,-1
39,35.25,73.50,5818.2,-1
39,28.75,-14.75,5875.1,-1
39,28.00,-5.25,5879.5,-1
40,80.25,-113.50,5078.0,-1
40,62.75,-33.75,5434.6,-1
40,62.25,-76.00,5342.0,-1
40,58.50,-124.75,5575.6,-1
40,57.50,90.25,5491.4,-1
40,55.75,-175.25,5559.7,-1
40,54.75,104.50,5582.2,-1
40,54.75,117.50,5597.7,-1
40,54.50,105.25,5581.9,-1
40,53.25,-173.50,5564.1,-1
40,53.25,153.25,5449.8,-1
40,51.50,30.00,5506.0,-1
40,45.25,-131.00,5636.2,-1
40,41.75,-82.00,5796.4,-1
40,40.75,-83.25,5797.3,-1
40,40.00,72.25,5798.5,-1
40,39.75,70.75,5797.8,-1
40,39.25,70.00,5798.5,-1
40,39.00,73.00,5799.5,-1
40,38.25,-85.50,5789.5,-1
40,38.00,69.50,5802.2,-1
40,36.50,70.50,5801.0,-1
40,36.25,4.50,5868.4,-1
40,25.50,-13.25,5878.0,-1
41,80.25,-112.75,5082.1,-1
41,62.25,-33.50,5442.1,-1
41,61.00,-70.75,5317.9,-1
41,59.25,-122.00,5583.0,-1
41,58.25,-33.50,5448.8,-1
41,57.25,90.25,5491.8,-1
41,57.00,-176.75,5549.9,-1
41,56.00,102.50,5598.3,-1
41,55.25,116.50,5616.4,-1
41,54.75,114.75,5617.6,-1
41,54.00,106.75,5592.5,-1
41,53.75,107.50,5592.6,-1
41,53.00,153.25,5430.1,-1
41,51.50,31.00,5490.3,-1
41,50.50,-172.00,5570.1,-1
41,50.25,120.25,5634.2,-1
41,47.00,124.75,5627.1,-1
41,45.25,-130.00,5638.5,-1
41,38.50,-85.25,5780.9,-1
41,37.75,71.00,5815.5,-1
41,37.00,74.00,5818.1,-1
41,36.25,69.00,5817.8,-1
41,35.25,5.25,5862.6,-1
41,35.25,79.00,5817.0,-1
42,80.50,-115.50,5075.8,-1
42,70.00,63.25,5696.9,-1
42,62.50,-31.50,5463.2,-1
42,61.50,-66.00,5288.5,-1
42,59.50,-121.00,5554.8,-1
42,57.75,-178.00,5532.2,-1
42,57.25,-31.25,5469.4,-1
42,56.75,89.00,5508.1,-1
42,55.75,160.50,5493.2,-1
42,53.50,109.50,5587.6,-1
42,52.50,153.75,5452.3,-1
42,51.50,31.00,5497.9,-1
42,51.00,-170.75,5562.9,-1
42,49.25,-167.00,5576.4,-1
42,45.75,-129.00,5633.2,-1
42,39.00,-84.50,5769.9,-1
42,38.50,68.25,5832.1,-1
42,36.00,72.75,5819.4,-1
42,35.50,71.25,5819.6,-1
42,35.25,73.25,5817.1,-1
42,35.00,72.50,5816.4,-1
42,34.75,5.25,5880.2,-1
42,34.75,71.75,5817.9,-1
42,33.75,82.50,5809.3,-1
42,33.25,80.25,5815.5,-1
42,33.00,84.50,5814.1,-1
42,30.00,83.00,5838.4,-1
43,80.75,-122.25,5074.1,-1
43,70.50,61.75,5689.5,-1
43,63.00,-28.75,5489.1,-1
43,62.00,-64.00,5264.5,-1
43,60.00,-25.00,5494.7,-1
43,59.00,-120.75,5553.2,-1
43,58.00,-179.25,5499.7,-1
43,57.00,-28.25,5497.9,-1
43,55.75,160.50,5471.5,-1
43,55.50,89.75,5502.9,-1
43,53.00,110.25,5581.4,-1
43,53.00,162.75,5450.0,-1
43,52.50,156.00,5460.1,-1
43,52.25,-166.50,5557.1,-1
43,50.50,31.50,5517.4,-1
43,45.75,-128.00,5650.2,-1
43,42.50,-29.25,5679.5,-1
43,42.00,71.00,5815.4,-1
43,41.00,70.00,5815.7,-1
43,39.75,70.75,5817.0,-1
43,39.50,71.50,5817.1,-1
43,39.25,-83.75,5780.2,-1
43,36.00,69.75,5821.1,-1
43,34.75,3.00,5887.7,-1
43,34.75,5.75,5877.7,-1
43,33.25,5.75,5879.8,-1
44,79.50,-127.50,5082.6,-1
44,71.50,60.00,5672.5,-1
44,64.50,57.25,5680.4,-1
44,63.00,33.75,5653.3,-1
44,61.25,-63.25,5264.8,-1
44,60.75,-23.50,5504.2,-1
44,58.00,-178.25,5491.0,-1
44,57.50,-120.25,5580.8,-1
44,56.75,157.75,5481.3,-1
44,55.50,-164.50,5544.7,-1
44,54.75,88.50,5496.5,-1
44,53.25,166.00,5441.2,-1
44,52.25,112.25,5579.6,-1
44,50.25,32.75,5501.9,-1
44,47.00,-126.00,5664.6,-1
44,42.50,-28.00,5684.9,-1
44,41.25,70.75,5804.0,-1
44,40.75,-83.75,5783.9,-1
44,40.50,70.75,5803.2,-1
44,40.25,71.50,5802.1,-1
44,40.00,70.00,5803.2,-1
44,39.75,70.75,5801.4,-1
44,39.50,71.50,5801.6,-1
44,39.25,70.00,5802.1,-1
44,39.00,67.25,5811.1,-1
44,38.75,71.00,5802.6,-1
44,38.00,69.50,5805.9,-1
44,37.75,71.00,5804.8,-1
44,37.50,72.75,5806.8,-1
44,36.75,72.50,5805.6,-1
44,36.75,75.50,5807.4,-1
44,36.50,74.75,5807.2,-1
44,36.00,72.75,5803.7,-1
44,36.00,73.50,5804.4,-1
44,35.75,68.25,5809.2,-1
44,35.50,-92.00,5809.5,-1
44,35.50,-87.75,5797.0,-1
44,35.50,70.50,5802.4,-1
44,35.25,73.25,5804.3,-1
44,35.00,6.75,5892.5,-1
44,34.75,71.00,5801.3,-1
44,34.50,75.25,5815.2,-1
44,34.25,72.00,5804.2,-1
44,34.25,81.25,5819.1,-1
44,34.00,8.00,5892.1,-1
45,78.25,-125.75,5100.4,-1
45,78.00,-124.50,5100.3,-1
45,72.50,57.75,5663.3,-1
45,66.00,36.00,5653.4,-1
45,64.75,56.50,5678.7,-1
45,61.00,-21.25,5509.6,-1
45,59.50,-60.00,5276.1,-1
45,58.50,-178.50,5470.4,-1
45,58.00,-163.75,5519.3,-1
45,57.50,-158.00,5511.6,-1
45,57.00,-119.25,5595.6,-1
45,56.00,178.00,5473.6,-1
45,55.50,158.25,5495.3,-1
45,55.50,175.00,5474.8,-1
45,53.75,88.25,5519.1,-1
45,53.50,168.50,5436.7,-1
45,51.75,115.25,5587.8,-1
45,50.25,33.75,5501.4,-1
45,47.50,-125.25,5662.0,-1
45,43.00,-27.25,5675.8,-1
45,40.25,71.50,5806.4,-1
45,40.00,-84.75,5789.7,-1
45,39.75,70.75,5806.5,-1
45,38.75,71.00,5806.6,-1
45,38.50,68.25,5811.1,-1
45,38.25,73.75,5810.7,-1
45,37.75,71.00,5809.4,-1
45,37.75,72.50,5810.2,-1
45,37.50,69.50,5810.5,-1
45,37.00,75.50,5814.1,-1
45,36.75,69.75,5809.9,-1
45,36.25,69.00,5812.6,-1
45,35.50,71.25,5814.3,-1
45,35.25,73.25,5817.3,-1
45,34.25,-91.25,5806.4,-1
45,32.75,-92.75,5799.6,-1
45,32.75,7.00,5885.4,-1
45,28.75,-1.00,5919.1,-1
45,28.50,-2.00,5919.0,-1
45,26.50,140.75,5878.0,-1
46,76.75,-118.00,5107.5,-1
46,73.50,55.75,5651.6,-1
46,73.25,-100.75,5129.9,-1
46,67.00,34.75,5654.1,-1
46,61.75,-18.00,5521.7,-1
46,61.50,-165.75,5493.1,-1
46,60.25,-157.50,5487.7,-1
46,58.50,-179.75,5453.8,-1
46,58.50,-55.50,5307.5,-1
46,56.75,-119.25,5585.7,-1
46,55.00,155.75,5501.2,-1
46,54.75,158.00,5505.6,-1
46,54.50,160.25,5505.6,-1
46,53.50,172.75,5455.6,-1
46,52.50,88.50,5551.3,-1
46,52.50,93.00,5563.8,-1
46,51.25,117.50,5602.7,-1
46,50.25,34.75,5529.1,-1
46,47.75,-124.25,5646.1,-1
46,43.75,-27.00,5696.5,-1
46,40.50,70.75,5817.3,-1
46,40.00,72.25,5817.0,-1
46,39.50,71.50,5815.3,-1
46,39.25,-85.75,5797.4,-1
46,39.00,70.25,5814.9,-1
46,38.75,73.25,5811.3,-1
46,38.75,74.75,5812.3,-1
46,38.50,68.25,5819.4,-1
46,38.50,71.75,5813.4,-1
46,38.25,74.00,5809.0,-1
46,38.25,75.50,5811.1,-1
46,38.00,-91.50,5802.9,-1
46,37.75,71.50,5812.6,-1
46,36.75,69.75,5816.6,-1
46,36.75,73.25,5811.4,-1
46,36.25,77.00,5818.1,-1
46,36.00,69.75,5818.8,-1
46,35.25,73.25,5815.1,-1
46,35.00,71.00,5815.2,-1
46,34.75,80.50,5808.2,-1
46,34.50,84.50,5816.3,-1
46,34.25,82.00,5811.6,-1
46,33.75,69.75,5823.0,-1
46,33.50,82.50,5813.0,-1
46,33.25,-91.00,5798.2,-1
46,32.25,7.75,5901.3,-1
46,31.50,-93.75,5791.9,-1
47,77.75,-134.50,5160.5,-1
47,77.75,-133.25,5160.6,-1
47,77.75,-132.50,5160.6,-1
47,76.00,-111.75,5119.6,-1
47,75.75,-110.75,5119.8,-1
47,74.00,54.50,5638.0,-1
47,72.25,-90.50,5132.3,-1
47,67.75,34.00,5646.0,-1
47,62.75,-14.75,5529.6,-1
47,58.50,-52.50,5316.5,-1
47,58.00,-180.00,5439.7,-1
47,56.00,-119.75,5600.6,-1
47,54.25,155.75,5506.6,-1
47,52.25,93.75,5567.4,-1
47,51.50,94.00,5567.9,-1
47,51.25,94.75,5568.1,-1
47,51.25,99.25,5585.9,-1
47,51.25,120.00,5597.3,-1
47,51.00,88.25,5561.5,-1
47,51.00,100.50,5588.9,-1
47,50.50,-121.75,5667.5,-1
47,50.50,91.75,5566.1,-1
47,50.25,-122.50,5666.6,-1
47,50.25,36.75,5541.1,-1
47,50.00,90.50,5565.4,-1
47,50.00,92.50,5568.1,-1
47,49.50,-123.00,5666.3,-1
47,49.25,92.50,5573.1,-1
47,48.50,-123.75,5665.8,-1
47,48.00,-124.50,5665.6,-1
47,44.00,-26.25,5711.6,-1
47,39.75,-86.00,5825.6,-1
47,39.25,69.50,5810.0,-1
47,38.75,71.00,5807.7,-1
47,38.50,68.25,5812.1,-1
47,37.75,71.00,5809.9,-1
47,37.25,71.75,5810.5,-1
47,36.00,73.50,5811.1,-1
47,35.75,69.00,5810.8,-1
47,35.50,69.75,5810.5,-1
47,35.25,-94.50,5821.9,-1
47,35.25,73.25,5812.8,-1
47,31.75,8.75,5895.8,-1
47,31.50,-94.00,5809.8,-1
47,31.50,10.00,5896.8,-1
47,31.25,-93.25,5810.0,-1
48,77.00,-133.25,5166.4,-1
48,75.00,-102.75,5115.1,-1
48,74.50,53.50,5616.6,-1
48,73.00,-83.00,5141.6,-1
48,71.00,100.50,5664.7,-1
48,69.25,119.50,5648.1,-1
48,67.75,34.00,5633.4,-1
48,63.50,-12.75,5534.8,-1
48,58.75,-50.00,5338.4,-1
48,57.75,-179.75,5444.8,-1
48,55.50,-119.00,5619.2,-1
48,54.50,165.25,5526.3,-1
48,53.25,39.00,5495.7,-1
48,52.25,39.50,5498.3,-1
48,52.00,92.75,5576.4,-1
48,51.25,92.75,5569.5,-1
48,51.25,121.50,5589.2,-1
48,51.00,100.75,5567.0,-1
48,50.50,92.50,5567.0,-1
48,50.50,97.50,5575.2,-1
48,49.75,90.75,5562.1,-1
48,49.75,91.50,5562.1,-1
48,49.50,89.75,5561.7,-1
48,49.25,89.00,5562.1,-1
48,49.00,-123.25,5685.6,-1
48,48.75,89.75,5561.4,-1
48,44.50,-25.25,5735.3,-1
48,42.50,-127.50,5715.1,-1
48,40.50,70.75,5795.4,-1
48,40.00,70.00,5795.2,-1
48,39.50,71.50,5792.5,-1
48,39.25,69.50,5795.0,-1
48,39.00,68.00,5799.5,-1
48,39.00,70.25,5793.5,-1
48,38.75,71.00,5792.5,-1
48,38.50,68.75,5795.3,-1
48,38.50,69.50,5795.3,-1
48,38.25,74.00,5790.6,-1
48,38.25,74.75,5789.4,-1
48,37.75,71.00,5792.2,-1
48,37.25,73.25,5792.5,-1
48,37.00,75.50,5795.0,-1
48,36.75,69.75,5790.6,-1
48,36.25,69.00,5793.6,-1
48,36.00,72.00,5790.7,-1
48,35.75,68.25,5798.0,-1
48,35.25,73.25,5794.2,-1
48,34.75,69.00,5797.6,-1
48,33.50,-97.00,5813.5,-1
48,33.25,-31.75,5855.1,-1
48,30.75,-93.75,5810.3,-1
48,29.75,-95.00,5814.1,-1
49,76.25,-127.25,5168.6,-1
49,74.50,-81.00,5127.8,-1
49,74.00,-93.50,5108.0,-1
49,70.50,99.25,5650.2,-1
49,69.50,117.25,5645.4,-1
49,68.00,34.00,5617.4,-1
49,67.75,32.50,5617.6,-1
49,62.25,-10.75,5530.1,-1
49,59.00,-48.75,5311.1,-1
49,57.25,-178.75,5441.1,-1
49,55.50,-117.50,5626.8,-1
49,53.25,37.75,5454.8,-1
49,53.00,156.25,5530.4,-1
49,51.75,122.75,5597.6,-1
49,51.25,93.00,5594.9,-1
49,51.00,102.00,5576.0,-1
49,50.75,101.00,5575.7,-1
49,49.50,-122.75,5692.6,-1
49,49.50,94.50,5581.6,-1
49,49.50,95.25,5580.6,-1
49,49.25,92.75,5580.1,-1
49,48.00,90.50,5583.2,-1
49,45.00,-24.25,5735.5,-1
49,42.50,-126.75,5715.7,-1
49,40.00,70.00,5806.3,-1
49,39.50,-88.25,5865.0,-1
49,39.00,70.25,5802.5,-1
49,38.50,68.25,5805.2,-1
49,37.25,70.50,5801.1,-1
49,37.00,72.50,5802.2,-1
49,36.25,69.00,5804.5,-1
49,36.25,72.50,5802.2,-1
49,36.25,73.50,5804.6,-1
49,35.50,69.75,5804.0,-1
49,35.25,73.25,5808.3,-1
49,33.75,-30.75,5848.2,-1
49,32.75,-94.75,5818.8,-1
49,31.75,-97.75,5811.5,-1
49,31.00,11.00,5894.0,-1
50,75.75,-118.75,5170.3,-1
50,75.25,-80.75,5101.2,-1
50,73.75,-82.75,5101.9,-1
50,71.75,-175.50,5331.9,-1
50,70.25,99.25,5641.8,-1
50,70.00,116.50,5644.4,-1
50,65.75,-7.50,5547.5,-1
50,65.50,2.75,5542.0,-1
50,63.00,1.75,5545.2,-1
50,62.75,71.50,5675.8,-1
50,62.25,1.50,5545.3,-1
50,60.00,-4.50,5528.0,-1
50,59.00,-47.25,5307.8,-1
50,58.75,-164.25,5444.5,-1
50,56.75,-177.00,5437.1,-1
50,56.75,-174.75,5437.3,-1
50,56.00,-116.00,5617.1,-1
50,52.50,39.50,5469.6,-1
50,52.00,123.50,5607.7,-1
50,51.00,104.75,5580.4,-1
50,48.75,97.00,5594.1,-1
50,47.50,91.50,5610.5,-1
50,46.00,-22.75,5753.9,-1
50,43.25,-125.75,5713.9,-1
50,38.25,74.00,5815.1,-1
50,38.00,69.50,5819.1,-1
50,37.75,72.50,5813.2,-1
50,37.00,75.50,5814.3,-1
50,36.50,74.75,5813.0,-1
50,36.25,69.00,5818.5,-1
50,36.25,77.75,5816.1,-1
50,36.00,69.75,5816.3,-1
50,35.25,73.25,5809.4,-1
50,34.75,81.25,5797.5,-1
50,34.25,70.75,5813.2,-1
50,33.75,74.00,5819.1,-1
50,33.50,66.50,5838.3,-1
50,33.00,-94.50,5818.2,-1
50,32.50,67.25,5835.0,-1
50,31.75,-95.00,5817.7,-1
50,31.25,66.50,5838.1,-1
50,30.50,-98.50,5803.8,-1
50,30.25,67.75,5835.1,-1
51,77.25,-84.00,5121.6,-1
51,75.25,-111.75,5173.1,-1
51,75.25,-77.00,5130.6,-1
51,70.50,-175.00,5323.2,-1
51,70.50,108.75,5635.4,-1
51,69.75,100.00,5624.8,-1
51,65.75,3.50,5532.1,-1
51,62.50,3.00,5531.9,-1
51,62.50,72.00,5673.0,-1
51,61.25,4.50,5531.4,-1
51,60.50,7.00,5527.7,-1
51,60.00,-164.75,5426.9,-1
51,59.75,-0.25,5527.9,-1
51,58.75,-45.25,5328.3,-1
51,58.00,-171.00,5429.8,-1
51,52.75,41.75,5479.6,-1
51,52.00,124.50,5610.3,-1
51,51.50,105.75,5576.5,-1
51,51.00,104.50,5577.1,-1
51,46.75,-21.00,5756.8,-1
51,44.75,-125.25,5742.3,-1
51,37.75,71.00,5823.1,-1
51,36.75,72.50,5820.3,-1
51,36.25,69.00,5821.5,-1
51,36.00,68.25,5824.1,-1
51,36.00,73.50,5820.1,-1
51,35.25,73.25,5819.5,-1
51,34.75,72.50,5819.0,-1
51,34.00,66.75,5838.0,-1
51,34.00,69.75,5831.0,-1
51,34.00,75.00,5827.5,-1
51,33.75,74.00,5825.4,-1
51,29.50,-99.00,5827.4,-1
52,77.50,-78.50,5152.0,-1
52,77.25,-85.50,5143.8,-1
52,77.25,-77.75,5151.8,-1
52,74.75,-103.50,5194.7,-1
52,71.25,113.25,5622.1,-1
52,69.50,-175.25,5327.0,-1
52,69.50,101.50,5610.2,-1
52,61.75,76.25,5668.7,-1
52,61.25,-165.25,5429.6,-1
52,60.50,11.50,5460.9,-1
52,58.75,-40.50,5355.3,-1
52,54.00,43.75,5462.9,-1
52,52.75,125.75,5608.1,-1
52,52.25,106.50,5560.5,-1
52,49.50,101.75,5586.5,-1
52,49.00,100.50,5586.6,-1
52,47.25,98.50,5583.9,-1
52,37.00,-130.50,5751.6,-1
52,37.00,71.50,5810.7,-1
52,36.75,69.75,5809.7,-1
52,36.50,70.50,5809.0,-1
52,36.00,71.25,5809.0,-1
52,36.00,73.50,5812.1,-1
52,35.75,67.50,5807.1,-1
52,35.75,68.25,5805.6,-1
52,35.75,74.50,5816.4,-1
52,35.75,75.25,5820.1,-1
52,35.50,69.00,5803.0,-1
52,35.50,69.75,5802.7,-1
52,35.50,70.50,5807.3,-1
52,35.25,73.25,5808.5,-1
52,35.00,68.00,5806.8,-1
52,35.00,71.75,5806.6,-1
52,34.75,69.00,5805.4,-1
52,34.75,71.00,5806.5,-1
52,34.75,72.50,5806.2,-1
52,34.00,69.75,5809.0,-1
52,33.75,74.00,5810.6,-1
52,33.75,75.00,5813.4,-1
52,30.50,67.00,5821.1,-1
52,30.00,-99.75,5831.9,-1
52,30.00,-99.00,5830.7,-1
52,25.50,135.25,5858.1,-1
53,78.25,-86.50,5141.4,-1
53,78.25,-85.25,5141.3,-1
53,69.50,103.25,5605.9,-1
53,68.75,-174.75,5327.6,-1
53,60.75,12.75,5417.6,-1
53,60.25,-37.50,5343.4,-1
53,60.25,79.75,5666.4,-1
53,55.00,45.00,5464.1,-1
53,52.50,128.50,5629.9,-1
53,52.25,106.25,5578.0,-1
53,45.75,100.00,5587.6,-1
53,39.00,68.00,5846.0,-1
53,38.75,71.00,5835.1,-1
53,37.00,71.50,5828.6,-1
53,36.75,-128.75,5748.9,-1
53,36.75,69.75,5825.6,-1
53,36.75,72.50,5829.1,-1
53,36.00,72.75,5827.5,-1
53,36.00,73.50,5827.4,-1
53,35.75,67.50,5822.2,-1
53,35.75,74.50,5830.9,-1
53,35.75,77.50,5839.3,-1
53,35.50,68.25,5822.0,-1
53,35.50,69.00,5818.8,-1
53,35.25,73.25,5825.1,-1
53,35.00,71.75,5824.1,-1
53,34.75,68.75,5821.9,-1
53,34.75,71.00,5823.4,-1
53,34.75,72.50,5823.4,-1
53,34.00,69.75,5826.1,-1
53,32.00,69.25,5835.9,-1
53,31.50,-100.25,5855.2,-1
53,31.50,67.00,5837.5,-1
53,31.50,70.75,5835.9,-1
53,30.50,67.00,5837.4,-1
53,30.50,68.50,5838.0,-1
53,30.00,-101.25,5853.1,-1
53,30.00,-100.25,5853.1,-1
53,30.00,67.75,5837.1,-1
53,29.75,68.50,5838.4,-1
53,29.50,66.25,5838.3,-1
53,29.00,-162.75,5893.5,-1
53,26.00,-102.25,5869.9,-1
54,77.75,-90.75,5136.8,-1
54,76.50,-151.75,5345.2,-1
54,75.25,-83.50,5168.9,-1
54,69.50,105.50,5605.8,-1
54,68.00,-174.50,5317.7,-1
54,61.00,-35.00,5358.9,-1
54,60.50,13.00,5404.6,-1
54,59.50,84.75,5678.2,-1
54,59.25,82.75,5675.1,-1
54,56.00,45.50,5486.5,-1
54,55.25,151.75,5556.5,-1
54,52.75,130.00,5654.7,-1
54,52.25,106.50,5605.3,-1
54,45.25,101.25,5598.9,-1
54,44.75,102.00,5599.0,-1
54,39.75,136.25,5761.1,-1
54,38.00,-128.25,5734.8,-1
54,37.25,71.50,5836.3,-1
54,36.75,69.75,5838.5,-1
54,36.00,72.75,5833.4,-1
54,36.00,73.50,5833.2,-1
54,35.75,67.50,5839.0,-1
54,35.75,68.25,5838.0,-1
54,35.75,69.00,5833.7,-1
54,35.50,66.75,5842.3,-1
54,35.50,69.75,5833.5,-1
54,35.25,66.00,5844.2,-1
54,35.25,73.25,5829.0,-1
54,34.75,71.25,5825.2,-1
54,34.75,72.50,5824.8,-1
54,34.00,77.50,5838.1,-1
54,33.75,70.00,5829.3,-1
54,33.75,75.00,5832.5,-1
54,33.00,65.75,5844.1,-1
54,32.50,85.00,5833.4,-1
54,32.25,66.75,5841.1,-1
54,31.00,83.00,5838.4,-1
54,30.75,68.25,5839.1,-1
54,30.50,85.75,5835.5,-1
54,29.75,68.50,5837.2,-1
54,29.50,-102.25,5850.3,-1
54,29.50,67.75,5838.2,-1
54,29.25,67.00,5839.1,-1
54,28.25,69.50,5836.7,-1
54,27.50,67.50,5834.6,-1
54,26.00,-81.75,5897.0,-1
54,26.00,75.50,5838.1,-1
55,89.75,154.00,5407.7,-1
55,89.75,155.00,5407.7,-1
55,89.75,155.75,5407.6,-1
55,89.75,156.50,5407.6,-1
55,76.50,-89.75,5150.2,-1
55,75.00,-168.00,5351.5,-1
55,70.25,110.25,5598.1,-1
55,70.00,109.25,5598.0,-1
55,67.25,-174.25,5305.4,-1
55,62.00,-31.00,5372.2,-1
55,60.00,14.00,5413.2,-1
55,56.75,47.25,5497.4,-1
55,55.00,109.25,5625.1,-1
55,53.75,155.00,5555.9,-1
55,52.75,107.25,5612.3,-1
55,52.25,131.50,5671.6,-1
55,44.50,105.00,5586.6,-1
55,39.75,-128.00,5740.5,-1
55,36.75,69.75,5848.1,-1
55,36.00,70.50,5845.1,-1
55,36.00,73.50,5839.5,-1
55,35.75,68.25,5848.1,-1
55,35.75,74.50,5841.3,-1
55,35.25,73.50,5836.4,-1
55,35.00,68.00,5848.0,-1
55,34.75,65.50,5852.1,-1
55,34.00,72.75,5831.2,-1
55,33.75,74.00,5833.7,-1
55,33.75,75.00,5837.8,-1
55,33.50,66.50,5849.7,-1
55,32.00,68.25,5849.0,-1
55,31.25,-104.25,5872.4,-1
55,31.00,67.75,5848.1,-1
55,30.25,67.75,5849.2,-1
55,29.00,-166.00,5890.7,-1
55,29.00,72.75,5846.1,-1
55,28.25,-105.50,5878.0,-1
55,28.25,67.75,5850.1,-1
55,28.25,69.00,5849.5,-1
55,27.75,76.00,5848.3,-1
55,26.75,66.50,5853.0,-1
56,89.75,161.50,5416.7,-1
56,89.75,162.25,5416.7,-1
56,89.75,163.00,5416.6,-1
56,89.75,163.75,5416.6,-1
56,84.75,-157.00,5326.6,-1
56,75.50,-85.50,5169.0,-1
56,71.25,111.00,5583.1,-1
56,66.75,-174.25,5302.9,-1
56,63.75,-26.50,5371.4,-1
56,59.25,15.50,5412.6,-1
56,57.25,48.25,5499.0,-1
56,55.00,109.25,5620.6,-1
56,54.75,88.25,5649.0,-1
56,54.50,108.25,5617.1,-1
56,54.25,107.50,5616.4,-1
56,51.75,133.75,5695.7,-1
56,46.00,107.25,5545.5,-1
56,40.75,-128.25,5734.8,-1
56,40.00,-101.75,5914.1,-1
56,36.75,72.50,5833.0,-1
56,36.00,71.25,5831.1,-1
56,36.00,72.75,5830.0,-1
56,36.00,73.50,5829.5,-1
56,35.75,67.50,5839.3,-1
56,35.75,75.25,5833.3,-1
56,35.50,69.00,5831.4,-1
56,35.50,76.00,5836.3,-1
56,35.25,69.75,5829.1,-1
56,34.25,70.75,5825.4,-1
56,33.75,74.00,5821.2,-1
56,33.50,72.00,5819.3,-1
56,33.50,72.75,5818.2,-1
56,32.25,77.50,5839.2,-1
56,31.50,76.75,5839.0,-1
56,31.00,-105.50,5873.8,-1
56,30.75,66.25,5835.2,-1
56,30.00,66.75,5835.4,-1
56,29.00,-167.75,5894.6,-1
56,27.25,-108.25,5885.1,-1
56,26.50,-128.50,5858.2,-1
56,25.50,-57.25,5899.6,-1
57,74.75,-80.50,5162.3,-1
57,73.00,35.00,5550.1,-1
57,71.25,111.50,5579.1,-1
57,66.25,-173.50,5297.7,-1
57,66.00,-25.25,5359.9,-1
57,59.00,17.50,5414.4,-1
57,58.00,49.50,5515.4,-1
57,56.25,107.50,5634.8,-1
57,53.50,89.50,5652.2,-1
57,51.00,136.50,5716.9,-1
57,48.25,-12.25,5719.0,-1
57,46.25,108.25,5539.7,-1
57,41.75,-127.50,5735.3,-1
57,36.75,69.75,5857.3,-1
57,36.50,74.75,5854.1,-1
57,36.00,72.75,5851.2,-1
57,35.75,74.50,5852.4,-1
57,35.50,68.25,5857.4,-1
57,35.50,69.75,5852.1,-1
57,35.25,73.50,5846.2,-1
57,33.75,75.75,5858.2,-1
57,32.75,79.00,5857.2,-1
57,31.50,-105.75,5884.5,-1
57,31.50,69.25,5856.5,-1
57,30.00,65.00,5852.4,-1
57,29.50,65.75,5852.0,-1
57,29.25,-106.00,5887.7,-1
57,28.75,71.00,5849.1,-1
57,28.25,-169.25,5889.3,-1
57,27.25,-129.00,5875.5,-1
57,26.00,68.50,5848.1,-1
58,74.50,-77.50,5150.1,-1
58,73.75,37.25,5558.6,-1
58,71.50,114.25,5571.6,-1
58,67.25,-24.25,5360.8,-1
58,65.50,-173.75,5294.0,-1
58,61.50,24.75,5491.5,-1
58,60.25,49.75,5536.1,-1
58,60.25,93.25,5655.2,-1
58,59.00,19.25,5438.0,-1
58,46.00,110.50,5525.6,-1
58,43.50,-58.50,5734.7,-1
58,43.00,-127.50,5729.9,-1
58,39.75,-105.75,5893.1,-1
58,38.25,-108.75,5896.8,-1
58,38.25,-107.50,5899.1,-1
58,36.00,71.25,5853.0,-1
58,35.50,69.00,5859.3,-1
58,34.00,-108.75,5876.5,-1
58,33.50,72.75,5836.8,-1
58,33.25,-113.50,5877.8,-1
58,33.25,72.00,5836.1,-1
58,33.00,-107.50,5876.5,-1
58,32.75,-106.00,5877.7,-1
58,32.25,-108.75,5875.1,-1
58,32.00,71.75,5839.1,-1
58,31.75,-106.75,5875.9,-1
58,29.50,-106.25,5878.0,-1
58,26.50,-129.50,5857.1,-1
58,25.50,-91.00,5876.1,-1
58,25.50,80.00,5835.6,-1
59,74.50,-76.25,5154.4,-1
59,73.25,18.75,5530.2,-1
59,71.75,115.25,5558.1,-1
59,68.00,-23.50,5373.7,-1
59,64.75,-173.50,5281.7,-1
59,61.50,27.25,5500.2,-1
59,61.50,49.50,5549.3,-1
59,59.75,-34.75,5454.0,-1
59,58.75,20.75,5459.4,-1
59,52.75,90.50,5659.2,-1
59,50.50,169.25,5544.0,-1
59,50.00,140.50,5732.1,-1
59,47.25,111.75,5511.1,-1
59,44.00,-126.50,5744.1,-1
59,35.50,69.00,5870.0,-1
59,34.25,-110.25,5890.1,-1
59,33.75,75.00,5857.4,-1
59,33.25,-110.25,5888.3,-1
59,33.25,74.00,5854.2,-1
59,33.25,83.25,5859.1,-1
59,33.00,-106.75,5894.9,-1
59,32.25,-113.50,5891.4,-1
59,29.25,-129.00,5868.0,-1
59,28.50,65.50,5858.0,-1
59,28.25,-170.50,5877.6,-1
59,26.00,66.50,5857.5,-1
59,25.50,-93.00,5877.5,-1
